1,1,AAA社,sales@aaa.co.jp,3214522,栃木県,真岡市xx-xx
1,2,AAB社,sales@aab.co.jp,3760111,群馬県,みどり市xx-xx
1,3,AAC社,sales@aac.co.jp,3010013,茨城県,龍ケ崎市xx-xx
1,4,AAD社,sales@aad.co.jp,3214515,栃木県,真岡市xx-xx
1,5,AAE社,sales@aae.co.jp,3600235,埼玉県,熊谷市xx-xx
1,6,AAF社,sales@aaf.co.jp,2700216,千葉県,野田市xx-xx
1,7,AAG社,sales@aag.co.jp,2930011,千葉県,富津市xx-xx
1,8,AAH社,sales@aah.co.jp,2920827,千葉県,木更津市xx-xx
1,9,AAI社,sales@aai.co.jp,3212336,栃木県,日光市xx-xx
1,10,AAJ社,sales@aaj.co.jp,1350048,東京都,江東区xx-xx
1,11,ABA社,sales@aba.co.jp,3290402,栃木県,下野市xx-xx
1,12,ABB社,sales@abb.co.jp,2892703,千葉県,旭市xx-xx
1,13,ABC社,sales@abc.co.jp,3670063,埼玉県,本庄市xx-xx
1,14,ABD社,sales@abd.co.jp,3292703,栃木県,那須塩原市xx-xx
1,15,ABE社,sales@abe.co.jp,3200049,栃木県,宇都宮市xx-xx
1,16,ABF社,sales@abf.co.jp,2410813,神奈川県,横浜市旭区xx-xx
1,17,ABG社,sales@abg.co.jp,3410001,埼玉県,三郷市xx-xx
1,18,ABH社,sales@abh.co.jp,3140121,茨城県,神栖市xx-xx
1,19,ABI社,sales@abi.co.jp,1240014,東京都,葛飾区xx-xx
1,20,ABJ社,sales@abj.co.jp,3292122,栃木県,矢板市xx-xx
1,21,ACA社,sales@aca.co.jp,3630013,埼玉県,桶川市xx-xx
1,22,ACB社,sales@acb.co.jp,3491153,埼玉県,加須市xx-xx
1,23,ACC社,sales@acc.co.jp,3040043,茨城県,下妻市xx-xx
1,24,ACD社,sales@acd.co.jp,2880857,千葉県,銚子市xx-xx
1,25,ACE社,sales@ace.co.jp,3320004,埼玉県,川口市xx-xx
1,26,ACF社,sales@acf.co.jp,3720853,群馬県,伊勢崎市xx-xx
1,27,ACG社,sales@acg.co.jp,3400204,埼玉県,久喜市xx-xx
1,28,ACH社,sales@ach.co.jp,3004113,茨城県,土浦市xx-xx
1,29,ACI社,sales@aci.co.jp,2891504,千葉県,山武市xx-xx
1,30,ACJ社,sales@acj.co.jp,3740024,群馬県,館林市xx-xx
1,31,ADA社,sales@ada.co.jp,3140116,茨城県,神栖市xx-xx
1,32,ADB社,sales@adb.co.jp,2700143,千葉県,流山市xx-xx
1,33,ADC社,sales@adc.co.jp,3710104,群馬県,前橋市xx-xx
1,34,ADD社,sales@add.co.jp,3240066,栃木県,大田原市xx-xx
1,35,ADE社,sales@ade.co.jp,3192263,茨城県,常陸大宮市xx-xx
1,36,ADF社,sales@adf.co.jp,1540023,東京都,世田谷区xx-xx
1,37,ADG社,sales@adg.co.jp,2960013,千葉県,鴨川市xx-xx
1,38,ADH社,sales@adh.co.jp,2380054,神奈川県,横須賀市xx-xx
1,39,ADI社,sales@adi.co.jp,2390820,神奈川県,横須賀市xx-xx
1,40,ADJ社,sales@adj.co.jp,2940055,千葉県,館山市xx-xx
1,41,AEA社,sales@aea.co.jp,3010835,茨城県,龍ケ崎市xx-xx
1,42,AEB社,sales@aeb.co.jp,3000748,茨城県,稲敷市xx-xx
1,43,AEC社,sales@aec.co.jp,3002622,茨城県,つくば市xx-xx
1,44,AED社,sales@aed.co.jp,2430208,神奈川県,厚木市xx-xx
1,45,AEE社,sales@aee.co.jp,1660013,東京都,杉並区xx-xx
1,46,AEF社,sales@aef.co.jp,3040072,茨城県,下妻市xx-xx
1,47,AEG社,sales@aeg.co.jp,3501201,埼玉県,日高市xx-xx
1,48,AEH社,sales@aeh.co.jp,3001225,茨城県,牛久市xx-xx
1,49,AEI社,sales@aei.co.jp,3600123,埼玉県,熊谷市xx-xx
1,50,AEJ社,sales@aej.co.jp,2840011,千葉県,四街道市xx-xx
1,51,AFA社,sales@afa.co.jp,3113827,茨城県,行方市xx-xx
1,52,AFB社,sales@afb.co.jp,2850850,千葉県,佐倉市xx-xx
1,53,AFC社,sales@afc.co.jp,3112441,茨城県,潮来市xx-xx
1,54,AFD社,sales@afd.co.jp,3470053,埼玉県,加須市xx-xx
1,55,AFE社,sales@afe.co.jp,3120022,茨城県,ひたちなか市xx-xx
1,56,AFF社,sales@aff.co.jp,2430416,神奈川県,海老名市xx-xx
1,57,AFG社,sales@afg.co.jp,2994615,千葉県,いすみ市xx-xx
1,58,AFH社,sales@afh.co.jp,3340076,埼玉県,川口市xx-xx
1,59,AFI社,sales@afi.co.jp,2500858,神奈川県,小田原市xx-xx
1,60,AFJ社,sales@afj.co.jp,3111406,茨城県,鉾田市xx-xx
1,61,AGA社,sales@aga.co.jp,3700867,群馬県,高崎市xx-xx
1,62,AGB社,sales@agb.co.jp,1430015,東京都,大田区xx-xx
1,63,AGC社,sales@agc.co.jp,3501202,埼玉県,日高市xx-xx
1,64,AGD社,sales@agd.co.jp,2860014,千葉県,成田市xx-xx
1,65,AGE社,sales@age.co.jp,3760041,群馬県,桐生市xx-xx
1,66,AGF社,sales@agf.co.jp,3210415,栃木県,宇都宮市xx-xx
1,67,AGG社,sales@agg.co.jp,3630006,埼玉県,桶川市xx-xx
1,68,AGH社,sales@agh.co.jp,3440107,埼玉県,春日部市xx-xx
1,69,AGI社,sales@agi.co.jp,1520003,東京都,目黒区xx-xx
1,70,AGJ社,sales@agj.co.jp,1980171,東京都,青梅市xx-xx
1,71,AHA社,sales@aha.co.jp,2991135,千葉県,君津市xx-xx
1,72,AHB社,sales@ahb.co.jp,1350002,東京都,江東区xx-xx
1,73,AHC社,sales@ahc.co.jp,2850837,千葉県,佐倉市xx-xx
1,74,AHD社,sales@ahd.co.jp,3000846,茨城県,土浦市xx-xx
1,75,AHE社,sales@ahe.co.jp,3501335,埼玉県,狭山市xx-xx
1,76,AHF社,sales@ahf.co.jp,1200026,東京都,足立区xx-xx
1,77,AHG社,sales@ahg.co.jp,3140004,茨城県,鹿嶋市xx-xx
1,78,AHH社,sales@ahh.co.jp,3003265,茨城県,つくば市xx-xx
1,79,AHI社,sales@ahi.co.jp,3580051,埼玉県,入間市xx-xx
1,80,AHJ社,sales@ahj.co.jp,1600008,東京都,新宿区xx-xx
1,81,AIA社,sales@aia.co.jp,3080054,茨城県,筑西市xx-xx
1,82,AIB社,sales@aib.co.jp,3150146,茨城県,石岡市xx-xx
1,83,AIC社,sales@aic.co.jp,2870816,千葉県,香取市xx-xx
1,84,AID社,sales@aid.co.jp,2720145,千葉県,市川市xx-xx
1,85,AIE社,sales@aie.co.jp,2995264,千葉県,勝浦市xx-xx
1,86,AIF社,sales@aif.co.jp,3191544,茨城県,北茨城市xx-xx
1,87,AIG社,sales@aig.co.jp,3510113,埼玉県,和光市xx-xx
1,88,AIH社,sales@aih.co.jp,3080807,茨城県,筑西市xx-xx
1,89,AII社,sales@aii.co.jp,2410023,神奈川県,横浜市旭区xx-xx
1,90,AIJ社,sales@aij.co.jp,3600002,埼玉県,熊谷市xx-xx
1,91,AJA社,sales@aja.co.jp,2702303,千葉県,印西市xx-xx
1,92,AJB社,sales@ajb.co.jp,2900542,千葉県,市原市xx-xx
1,93,AJC社,sales@ajc.co.jp,3570067,埼玉県,飯能市xx-xx
1,94,AJD社,sales@ajd.co.jp,3230815,栃木県,小山市xx-xx
1,95,AJE社,sales@aje.co.jp,3220023,栃木県,鹿沼市xx-xx
1,96,AJF社,sales@ajf.co.jp,3120044,茨城県,ひたちなか市xx-xx
1,97,AJG社,sales@ajg.co.jp,2320012,神奈川県,横浜市南区xx-xx
1,98,AJH社,sales@ajh.co.jp,2500114,神奈川県,南足柄市xx-xx
1,99,AJI社,sales@aji.co.jp,3150143,茨城県,石岡市xx-xx
1,100,AJJ社,sales@ajj.co.jp,2880051,千葉県,銚子市xx-xx
1,101,BAA社,sales@baa.co.jp,3760021,群馬県,桐生市xx-xx
1,102,BAB社,sales@bab.co.jp,3150152,茨城県,石岡市xx-xx
1,103,BAC社,sales@bac.co.jp,2470034,神奈川県,横浜市栄区xx-xx
1,104,BAD社,sales@bad.co.jp,3570201,埼玉県,飯能市xx-xx
1,105,BAE社,sales@bae.co.jp,3560028,埼玉県,ふじみ野市xx-xx
1,106,BAF社,sales@baf.co.jp,3580047,埼玉県,入間市xx-xx
1,107,BAG社,sales@bag.co.jp,2540074,神奈川県,平塚市xx-xx
1,108,BAH社,sales@bah.co.jp,3170071,茨城県,日立市xx-xx
1,109,BAI社,sales@bai.co.jp,2780002,千葉県,野田市xx-xx
1,110,BAJ社,sales@baj.co.jp,3211264,栃木県,日光市xx-xx
1,111,BBA社,sales@bba.co.jp,2920823,千葉県,木更津市xx-xx
1,112,BBB社,sales@bbb.co.jp,3160026,茨城県,日立市xx-xx
1,113,BBC社,sales@bbc.co.jp,3060642,茨城県,坂東市xx-xx
1,114,BBD社,sales@bbd.co.jp,2310827,神奈川県,横浜市中区xx-xx
1,115,BBE社,sales@bbe.co.jp,3250107,栃木県,那須塩原市xx-xx
1,116,BBF社,sales@bbf.co.jp,2570046,神奈川県,秦野市xx-xx
1,117,BBG社,sales@bbg.co.jp,3410034,埼玉県,三郷市xx-xx
1,118,BBH社,sales@bbh.co.jp,3292143,栃木県,矢板市xx-xx
1,119,BBI社,sales@bbi.co.jp,3190131,茨城県,小美玉市xx-xx
1,120,BBJ社,sales@bbj.co.jp,3191543,茨城県,北茨城市xx-xx
1,121,BCA社,sales@bca.co.jp,2850015,千葉県,佐倉市xx-xx
1,122,BCB社,sales@bcb.co.jp,1020082,東京都,千代田区xx-xx
1,123,BCC社,sales@bcc.co.jp,1950062,東京都,町田市xx-xx
1,124,BCD社,sales@bcd.co.jp,3091451,茨城県,桜川市xx-xx
1,125,BCE社,sales@bce.co.jp,2760021,千葉県,八千代市xx-xx
1,126,BCF社,sales@bcf.co.jp,3340013,埼玉県,川口市xx-xx
1,127,BCG社,sales@bcg.co.jp,3610084,埼玉県,行田市xx-xx
1,128,BCH社,sales@bch.co.jp,3290415,栃木県,下野市xx-xx
1,129,BCI社,sales@bci.co.jp,3501257,埼玉県,日高市xx-xx
1,130,BCJ社,sales@bcj.co.jp,3001207,茨城県,牛久市xx-xx
1,131,BDA社,sales@bda.co.jp,3150111,茨城県,石岡市xx-xx
1,132,BDB社,sales@bdb.co.jp,3192414,茨城県,常陸大宮市xx-xx
1,133,BDC社,sales@bdc.co.jp,2994126,千葉県,茂原市xx-xx
1,134,BDD社,sales@bdd.co.jp,3212801,栃木県,日光市xx-xx
1,135,BDE社,sales@bde.co.jp,3270825,栃木県,佐野市xx-xx
1,136,BDF社,sales@bdf.co.jp,1850023,東京都,国分寺市xx-xx
1,137,BDG社,sales@bdg.co.jp,3520014,埼玉県,新座市xx-xx
1,138,BDH社,sales@bdh.co.jp,3760055,群馬県,桐生市xx-xx
1,139,BDI社,sales@bdi.co.jp,3060036,茨城県,古河市xx-xx
1,140,BDJ社,sales@bdj.co.jp,3780053,群馬県,沼田市xx-xx
1,141,BEA社,sales@bea.co.jp,3430854,埼玉県,越谷市xx-xx
1,142,BEB社,sales@beb.co.jp,3210941,栃木県,宇都宮市xx-xx
1,143,BEC社,sales@bec.co.jp,3040819,茨城県,下妻市xx-xx
1,144,BED社,sales@bed.co.jp,3250048,栃木県,那須塩原市xx-xx
1,145,BEE社,sales@bee.co.jp,3000821,茨城県,土浦市xx-xx
1,146,BEF社,sales@bef.co.jp,3210902,栃木県,宇都宮市xx-xx
1,147,BEG社,sales@beg.co.jp,3500044,埼玉県,川越市xx-xx
1,148,BEH社,sales@beh.co.jp,3091714,茨城県,笠間市xx-xx
1,149,BEI社,sales@bei.co.jp,3091204,茨城県,桜川市xx-xx
1,150,BEJ社,sales@bej.co.jp,2480024,神奈川県,鎌倉市xx-xx
1,151,BFA社,sales@bfa.co.jp,2830021,千葉県,東金市xx-xx
1,152,BFB社,sales@bfb.co.jp,3700134,群馬県,伊勢崎市xx-xx
1,153,BFC社,sales@bfc.co.jp,3620073,埼玉県,上尾市xx-xx
1,154,BFD社,sales@bfd.co.jp,2900261,千葉県,市原市xx-xx
1,155,BFE社,sales@bfe.co.jp,2870003,千葉県,香取市xx-xx
1,156,BFF社,sales@bff.co.jp,3720816,群馬県,伊勢崎市xx-xx
1,157,BFG社,sales@bfg.co.jp,3540007,埼玉県,富士見市xx-xx
1,158,BFH社,sales@bfh.co.jp,3250014,栃木県,那須塩原市xx-xx
1,159,BFI社,sales@bfi.co.jp,3200807,栃木県,宇都宮市xx-xx
1,160,BFJ社,sales@bfj.co.jp,2740051,千葉県,船橋市xx-xx
1,161,BGA社,sales@bga.co.jp,3350022,埼玉県,戸田市xx-xx
1,162,BGB社,sales@bgb.co.jp,3430853,埼玉県,越谷市xx-xx
1,163,BGC社,sales@bgc.co.jp,1620065,東京都,新宿区xx-xx
1,164,BGD社,sales@bgd.co.jp,3191711,茨城県,北茨城市xx-xx
1,165,BGE社,sales@bge.co.jp,3114612,茨城県,常陸大宮市xx-xx
1,166,BGF社,sales@bgf.co.jp,3480052,埼玉県,羽生市xx-xx
1,167,BGG社,sales@bgg.co.jp,3060101,茨城県,古河市xx-xx
1,168,BGH社,sales@bgh.co.jp,3501113,埼玉県,川越市xx-xx
1,169,BGI社,sales@bgi.co.jp,2860007,千葉県,成田市xx-xx
1,170,BGJ社,sales@bgj.co.jp,2900533,千葉県,市原市xx-xx
1,171,BHA社,sales@bha.co.jp,3270102,栃木県,佐野市xx-xx
1,172,BHB社,sales@bhb.co.jp,1020076,東京都,千代田区xx-xx
1,173,BHC社,sales@bhc.co.jp,3280203,栃木県,栃木市xx-xx
1,174,BHD社,sales@bhd.co.jp,3294404,栃木県,栃木市xx-xx
1,175,BHE社,sales@bhe.co.jp,3701212,群馬県,高崎市xx-xx
1,176,BHF社,sales@bhf.co.jp,3111704,茨城県,行方市xx-xx
1,177,BHG社,sales@bhg.co.jp,3780062,群馬県,沼田市xx-xx
1,178,BHH社,sales@bhh.co.jp,2870243,千葉県,成田市xx-xx
1,179,BHI社,sales@bhi.co.jp,2900061,千葉県,市原市xx-xx
1,180,BHJ社,sales@bhj.co.jp,2891126,千葉県,八街市xx-xx
1,181,BIA社,sales@bia.co.jp,2030034,東京都,東久留米市xx-xx
1,182,BIB社,sales@bib.co.jp,2260013,神奈川県,横浜市緑区xx-xx
1,183,BIC社,sales@bic.co.jp,3520031,埼玉県,新座市xx-xx
1,184,BID社,sales@bid.co.jp,3410013,埼玉県,三郷市xx-xx
1,185,BIE社,sales@bie.co.jp,1560051,東京都,世田谷区xx-xx
1,186,BIF社,sales@bif.co.jp,2430425,神奈川県,海老名市xx-xx
1,187,BIG社,sales@big.co.jp,2860002,千葉県,成田市xx-xx
1,188,BIH社,sales@bih.co.jp,1800002,東京都,武蔵野市xx-xx
1,189,BII社,sales@bii.co.jp,2994123,千葉県,茂原市xx-xx
1,190,BIJ社,sales@bij.co.jp,3470042,埼玉県,加須市xx-xx
1,191,BJA社,sales@bja.co.jp,3530006,埼玉県,志木市xx-xx
1,192,BJB社,sales@bjb.co.jp,2740064,千葉県,船橋市xx-xx
1,193,BJC社,sales@bjc.co.jp,2830053,千葉県,東金市xx-xx
1,194,BJD社,sales@bjd.co.jp,2990203,千葉県,袖ケ浦市xx-xx
1,195,BJE社,sales@bje.co.jp,2990263,千葉県,袖ケ浦市xx-xx
1,196,BJF社,sales@bjf.co.jp,3691505,埼玉県,秩父市xx-xx
1,197,BJG社,sales@bjg.co.jp,2860825,千葉県,成田市xx-xx
1,198,BJH社,sales@bjh.co.jp,3080852,茨城県,筑西市xx-xx
1,199,BJI社,sales@bji.co.jp,2120057,神奈川県,川崎市幸区xx-xx
1,200,BJJ社,sales@bjj.co.jp,3113502,茨城県,行方市xx-xx
1,201,CAA社,sales@caa.co.jp,3260021,栃木県,足利市xx-xx
1,202,CAB社,sales@cab.co.jp,3080122,茨城県,筑西市xx-xx
1,203,CAC社,sales@cac.co.jp,3560035,埼玉県,ふじみ野市xx-xx
1,204,CAD社,sales@cad.co.jp,3430045,埼玉県,越谷市xx-xx
1,205,CAE社,sales@cae.co.jp,3260806,栃木県,足利市xx-xx
1,206,CAF社,sales@caf.co.jp,2870066,千葉県,香取市xx-xx
1,207,CAG社,sales@cag.co.jp,2770008,千葉県,柏市xx-xx
1,208,CAH社,sales@cah.co.jp,3670053,埼玉県,本庄市xx-xx
1,209,CAI社,sales@cai.co.jp,2740805,千葉県,船橋市xx-xx
1,210,CAJ社,sales@caj.co.jp,3210132,栃木県,宇都宮市xx-xx
1,211,CBA社,sales@cba.co.jp,3290411,栃木県,下野市xx-xx
1,212,CBB社,sales@cbb.co.jp,2701453,千葉県,柏市xx-xx
1,213,CBC社,sales@cbc.co.jp,2840045,千葉県,四街道市xx-xx
1,214,CBD社,sales@cbd.co.jp,1970833,東京都,あきる野市xx-xx
1,215,CBE社,sales@cbe.co.jp,2720131,千葉県,市川市xx-xx
1,216,CBF社,sales@cbf.co.jp,2660033,千葉県,千葉市緑区xx-xx
1,217,CBG社,sales@cbg.co.jp,3610035,埼玉県,行田市xx-xx
1,218,CBH社,sales@cbh.co.jp,2310014,神奈川県,横浜市中区xx-xx
1,219,CBI社,sales@cbi.co.jp,3702123,群馬県,高崎市xx-xx
1,220,CBJ社,sales@cbj.co.jp,3040002,茨城県,下妻市xx-xx
1,221,CCA社,sales@cca.co.jp,3210155,栃木県,宇都宮市xx-xx
1,222,CCB社,sales@ccb.co.jp,2991104,千葉県,君津市xx-xx
1,223,CCC社,sales@ccc.co.jp,3440125,埼玉県,春日部市xx-xx
1,224,CCD社,sales@ccd.co.jp,2970037,千葉県,茂原市xx-xx
1,225,CCE社,sales@cce.co.jp,3501315,埼玉県,狭山市xx-xx
1,226,CCF社,sales@ccf.co.jp,2900532,千葉県,市原市xx-xx
1,227,CCG社,sales@ccg.co.jp,3110403,茨城県,日立市xx-xx
1,228,CCH社,sales@cch.co.jp,3590032,埼玉県,所沢市xx-xx
1,229,CCI社,sales@cci.co.jp,2994615,千葉県,いすみ市xx-xx
1,230,CCJ社,sales@ccj.co.jp,3600104,埼玉県,熊谷市xx-xx
1,231,CDA社,sales@cda.co.jp,3640001,埼玉県,北本市xx-xx
1,232,CDB社,sales@cdb.co.jp,3291572,栃木県,矢板市xx-xx
1,233,CDC社,sales@cdc.co.jp,3340055,埼玉県,川口市xx-xx
1,234,CDD社,sales@cdd.co.jp,3180001,茨城県,高萩市xx-xx
1,235,CDE社,sales@cde.co.jp,2994123,千葉県,茂原市xx-xx
1,236,CDF社,sales@cdf.co.jp,3320035,埼玉県,川口市xx-xx
1,237,CDG社,sales@cdg.co.jp,3111424,茨城県,鉾田市xx-xx
1,238,CDH社,sales@cdh.co.jp,2700032,千葉県,松戸市xx-xx
1,239,CDI社,sales@cdi.co.jp,2892124,千葉県,匝瑳市xx-xx
1,240,CDJ社,sales@cdj.co.jp,3530008,埼玉県,志木市xx-xx
1,241,CEA社,sales@cea.co.jp,2500136,神奈川県,南足柄市xx-xx
1,242,CEB社,sales@ceb.co.jp,3080824,茨城県,筑西市xx-xx
1,243,CEC社,sales@cec.co.jp,2995502,千葉県,鴨川市xx-xx
1,244,CED社,sales@ced.co.jp,3000603,茨城県,稲敷市xx-xx
1,245,CEE社,sales@cee.co.jp,2870065,千葉県,香取市xx-xx
1,246,CEF社,sales@cef.co.jp,3610043,埼玉県,行田市xx-xx
1,247,CEG社,sales@ceg.co.jp,2710048,千葉県,松戸市xx-xx
1,248,CEH社,sales@ceh.co.jp,3780068,群馬県,沼田市xx-xx
1,249,CEI社,sales@cei.co.jp,3212713,栃木県,日光市xx-xx
1,250,CEJ社,sales@cej.co.jp,3491144,埼玉県,加須市xx-xx
1,251,CFA社,sales@cfa.co.jp,3060038,茨城県,古河市xx-xx
1,252,CFB社,sales@cfb.co.jp,3211263,栃木県,日光市xx-xx
1,253,CFC社,sales@cfc.co.jp,3004422,茨城県,桜川市xx-xx
1,254,CFD社,sales@cfd.co.jp,2310831,神奈川県,横浜市中区xx-xx
1,255,CFE社,sales@cfe.co.jp,3200054,栃木県,宇都宮市xx-xx
1,256,CFF社,sales@cff.co.jp,3470044,埼玉県,加須市xx-xx
1,257,CFG社,sales@cfg.co.jp,2900032,千葉県,市原市xx-xx
1,258,CFH社,sales@cfh.co.jp,3580026,埼玉県,入間市xx-xx
1,259,CFI社,sales@cfi.co.jp,3650013,埼玉県,鴻巣市xx-xx
1,260,CFJ社,sales@cfj.co.jp,3702314,群馬県,富岡市xx-xx
1,261,CGA社,sales@cga.co.jp,3040068,茨城県,下妻市xx-xx
1,262,CGB社,sales@cgb.co.jp,3670026,埼玉県,本庄市xx-xx
1,263,CGC社,sales@cgc.co.jp,3500211,埼玉県,坂戸市xx-xx
1,264,CGD社,sales@cgd.co.jp,1880001,東京都,西東京市xx-xx
1,265,CGE社,sales@cge.co.jp,2960035,千葉県,鴨川市xx-xx
1,266,CGF社,sales@cgf.co.jp,3191308,茨城県,日立市xx-xx
1,267,CGG社,sales@cgg.co.jp,3570053,埼玉県,飯能市xx-xx
1,268,CGH社,sales@cgh.co.jp,3111411,茨城県,鉾田市xx-xx
1,269,CGI社,sales@cgi.co.jp,2590113,神奈川県,中郡大磯町xx-xx
1,270,CGJ社,sales@cgj.co.jp,3591124,埼玉県,所沢市xx-xx
1,271,CHA社,sales@cha.co.jp,2701144,千葉県,我孫子市xx-xx
1,272,CHB社,sales@chb.co.jp,3050852,茨城県,つくば市xx-xx
1,273,CHC社,sales@chc.co.jp,3270825,栃木県,佐野市xx-xx
1,274,CHD社,sales@chd.co.jp,3290316,栃木県,栃木市xx-xx
1,275,CHE社,sales@che.co.jp,2940812,千葉県,南房総市xx-xx
1,276,CHF社,sales@chf.co.jp,3060122,茨城県,古河市xx-xx
1,277,CHG社,sales@chg.co.jp,2380031,神奈川県,横須賀市xx-xx
1,278,CHH社,sales@chh.co.jp,3214545,栃木県,真岡市xx-xx
1,279,CHI社,sales@chi.co.jp,3240051,栃木県,大田原市xx-xx
1,280,CHJ社,sales@chj.co.jp,3113411,茨城県,小美玉市xx-xx
1,281,CIA社,sales@cia.co.jp,2850806,千葉県,佐倉市xx-xx
1,282,CIB社,sales@cib.co.jp,1930831,東京都,八王子市xx-xx
1,283,CIC社,sales@cic.co.jp,2500101,神奈川県,南足柄市xx-xx
1,284,CID社,sales@cid.co.jp,1710041,東京都,豊島区xx-xx
1,285,CIE社,sales@cie.co.jp,1930932,東京都,八王子市xx-xx
1,286,CIF社,sales@cif.co.jp,3650051,埼玉県,鴻巣市xx-xx
1,287,CIG社,sales@cig.co.jp,3670013,埼玉県,本庄市xx-xx
1,288,CIH社,sales@cih.co.jp,3270046,栃木県,佐野市xx-xx
1,289,CII社,sales@cii.co.jp,3330832,埼玉県,川口市xx-xx
1,290,CIJ社,sales@cij.co.jp,2701123,千葉県,我孫子市xx-xx
1,291,CJA社,sales@cja.co.jp,2702242,千葉県,松戸市xx-xx
1,292,CJB社,sales@cjb.co.jp,2730022,千葉県,船橋市xx-xx
1,293,CJC社,sales@cjc.co.jp,3501117,埼玉県,川越市xx-xx
1,294,CJD社,sales@cjd.co.jp,1540023,東京都,世田谷区xx-xx
1,295,CJE社,sales@cje.co.jp,1230845,東京都,足立区xx-xx
1,296,CJF社,sales@cjf.co.jp,3630016,埼玉県,桶川市xx-xx
1,297,CJG社,sales@cjg.co.jp,2991172,千葉県,君津市xx-xx
1,298,CJH社,sales@cjh.co.jp,2060003,東京都,多摩市xx-xx
1,299,CJI社,sales@cji.co.jp,3050052,茨城県,つくば市xx-xx
1,300,CJJ社,sales@cjj.co.jp,3091331,茨城県,桜川市xx-xx
2,1,DAA社,sales@daa.co.jp,1690075,東京都,新宿区xx-xx
2,2,DAB社,sales@dab.co.jp,3270103,栃木県,佐野市xx-xx
2,3,DAC社,sales@dac.co.jp,3070012,茨城県,結城市xx-xx
2,4,DAD社,sales@dad.co.jp,1980003,東京都,青梅市xx-xx
2,5,DAE社,sales@dae.co.jp,3740038,群馬県,館林市xx-xx
2,6,DAF社,sales@daf.co.jp,2702242,千葉県,松戸市xx-xx
2,7,DAG社,sales@dag.co.jp,3660061,埼玉県,深谷市xx-xx
2,8,DAH社,sales@dah.co.jp,2770852,千葉県,柏市xx-xx
2,9,DAI社,sales@dai.co.jp,2740076,千葉県,船橋市xx-xx
2,10,DAJ社,sales@daj.co.jp,3060623,茨城県,坂東市xx-xx
2,11,DBA社,sales@dba.co.jp,3192601,茨城県,常陸大宮市xx-xx
2,12,DBB社,sales@dbb.co.jp,3002641,茨城県,つくば市xx-xx
2,13,DBC社,sales@dbc.co.jp,2970018,千葉県,茂原市xx-xx
2,14,DBD社,sales@dbd.co.jp,3100851,茨城県,水戸市xx-xx
2,15,DBE社,sales@dbe.co.jp,3640012,埼玉県,北本市xx-xx
2,16,DBF社,sales@dbf.co.jp,1010047,東京都,千代田区xx-xx
2,17,DBG社,sales@dbg.co.jp,3200853,栃木県,宇都宮市xx-xx
2,18,DBH社,sales@dbh.co.jp,3270847,栃木県,佐野市xx-xx
2,19,DBI社,sales@dbi.co.jp,2770837,千葉県,柏市xx-xx
2,20,DBJ社,sales@dbj.co.jp,2991107,千葉県,君津市xx-xx
2,21,DCA社,sales@dca.co.jp,3050865,茨城県,つくば市xx-xx
2,22,DCB社,sales@dcb.co.jp,3703342,群馬県,高崎市xx-xx
2,23,DCC社,sales@dcc.co.jp,3650003,埼玉県,鴻巣市xx-xx
2,24,DCD社,sales@dcd.co.jp,3000035,茨城県,土浦市xx-xx
2,25,DCE社,sales@dce.co.jp,1970801,東京都,あきる野市xx-xx
2,26,DCF社,sales@dcf.co.jp,2591306,神奈川県,秦野市xx-xx
2,27,DCG社,sales@dcg.co.jp,3610055,埼玉県,行田市xx-xx
2,28,DCH社,sales@dch.co.jp,3210514,栃木県,那須烏山市xx-xx
2,29,DCI社,sales@dci.co.jp,3220056,栃木県,鹿沼市xx-xx
2,30,DCJ社,sales@dcj.co.jp,3292141,栃木県,矢板市xx-xx
2,31,DDA社,sales@dda.co.jp,3200818,栃木県,宇都宮市xx-xx
2,32,DDB社,sales@ddb.co.jp,2710097,千葉県,松戸市xx-xx
2,33,DDC社,sales@ddc.co.jp,3100046,茨城県,水戸市xx-xx
2,34,DDD社,sales@ddd.co.jp,3700852,群馬県,高崎市xx-xx
2,35,DDE社,sales@dde.co.jp,2200042,神奈川県,横浜市西区xx-xx
2,36,DDF社,sales@ddf.co.jp,3501169,埼玉県,川越市xx-xx
2,37,DDG社,sales@ddg.co.jp,2991605,千葉県,富津市xx-xx
2,38,DDH社,sales@ddh.co.jp,3000803,茨城県,土浦市xx-xx
2,39,DDI社,sales@ddi.co.jp,3400056,埼玉県,草加市xx-xx
2,40,DDJ社,sales@ddj.co.jp,3050074,茨城県,つくば市xx-xx
2,41,DEA社,sales@dea.co.jp,2410813,神奈川県,横浜市旭区xx-xx
2,42,DEB社,sales@deb.co.jp,2900046,千葉県,市原市xx-xx
2,43,DEC社,sales@dec.co.jp,2992525,千葉県,南房総市xx-xx
2,44,DED社,sales@ded.co.jp,2521108,神奈川県,綾瀬市xx-xx
2,45,DEE社,sales@dee.co.jp,3470043,埼玉県,加須市xx-xx
2,46,DEF社,sales@def.co.jp,3211413,栃木県,日光市xx-xx
2,47,DEG社,sales@deg.co.jp,2200054,神奈川県,横浜市西区xx-xx
2,48,DEH社,sales@deh.co.jp,2260002,神奈川県,横浜市緑区xx-xx
2,49,DEI社,sales@dei.co.jp,3000633,茨城県,稲敷市xx-xx
2,50,DEJ社,sales@dej.co.jp,3410002,埼玉県,三郷市xx-xx
2,51,DFA社,sales@dfa.co.jp,3750051,群馬県,藤岡市xx-xx
2,52,DFB社,sales@dfb.co.jp,3580046,埼玉県,入間市xx-xx
2,53,DFC社,sales@dfc.co.jp,3790224,群馬県,安中市xx-xx
2,54,DFD社,sales@dfd.co.jp,3080056,茨城県,筑西市xx-xx
2,55,DFE社,sales@dfe.co.jp,2430026,神奈川県,厚木市xx-xx
2,56,DFF社,sales@dff.co.jp,2900004,千葉県,市原市xx-xx
2,57,DFG社,sales@dfg.co.jp,3100042,茨城県,水戸市xx-xx
2,58,DFH社,sales@dfh.co.jp,2310035,神奈川県,横浜市中区xx-xx
2,59,DFI社,sales@dfi.co.jp,3190113,茨城県,小美玉市xx-xx
2,60,DFJ社,sales@dfj.co.jp,2310052,神奈川県,横浜市中区xx-xx
2,61,DGA社,sales@dga.co.jp,3160011,茨城県,日立市xx-xx
2,62,DGB社,sales@dgb.co.jp,3001287,茨城県,牛久市xx-xx
2,63,DGC社,sales@dgc.co.jp,3130122,茨城県,常陸太田市xx-xx
2,64,DGD社,sales@dgd.co.jp,2700021,千葉県,松戸市xx-xx
2,65,DGE社,sales@dge.co.jp,1960023,東京都,昭島市xx-xx
2,66,DGF社,sales@dgf.co.jp,3600846,埼玉県,熊谷市xx-xx
2,67,DGG社,sales@dgg.co.jp,3680061,埼玉県,秩父市xx-xx
2,68,DGH社,sales@dgh.co.jp,2530042,神奈川県,茅ヶ崎市xx-xx
2,69,DGI社,sales@dgi.co.jp,3192221,茨城県,常陸大宮市xx-xx
2,70,DGJ社,sales@dgj.co.jp,2591118,神奈川県,伊勢原市xx-xx
2,71,DHA社,sales@dha.co.jp,3700343,群馬県,太田市xx-xx
2,72,DHB社,sales@dhb.co.jp,2700205,千葉県,野田市xx-xx
2,73,DHC社,sales@dhc.co.jp,1210836,東京都,足立区xx-xx
2,74,DHD社,sales@dhd.co.jp,1540012,東京都,世田谷区xx-xx
2,75,DHE社,sales@dhe.co.jp,1520013,東京都,目黒区xx-xx
2,76,DHF社,sales@dhf.co.jp,2900206,千葉県,市原市xx-xx
2,77,DHG社,sales@dhg.co.jp,1330057,東京都,江戸川区xx-xx
2,78,DHH社,sales@dhh.co.jp,3100036,茨城県,水戸市xx-xx
2,79,DHI社,sales@dhi.co.jp,3691107,埼玉県,深谷市xx-xx
2,80,DHJ社,sales@dhj.co.jp,2510011,神奈川県,藤沢市xx-xx
2,81,DIA社,sales@dia.co.jp,3290403,栃木県,下野市xx-xx
2,82,DIB社,sales@dib.co.jp,3700417,群馬県,太田市xx-xx
2,83,DIC社,sales@dic.co.jp,3650035,埼玉県,鴻巣市xx-xx
2,84,DID社,sales@did.co.jp,3500066,埼玉県,川越市xx-xx
2,85,DIE社,sales@die.co.jp,3112422,茨城県,潮来市xx-xx
2,86,DIF社,sales@dif.co.jp,3220051,栃木県,鹿沼市xx-xx
2,87,DIG社,sales@dig.co.jp,3480065,埼玉県,羽生市xx-xx
2,88,DIH社,sales@dih.co.jp,1030001,東京都,中央区xx-xx
2,89,DII社,sales@dii.co.jp,2790001,千葉県,浦安市xx-xx
2,90,DIJ社,sales@dij.co.jp,3220067,栃木県,鹿沼市xx-xx
2,91,DJA社,sales@dja.co.jp,3400123,埼玉県,幸手市xx-xx
2,92,DJB社,sales@djb.co.jp,3200841,栃木県,宇都宮市xx-xx
2,93,DJC社,sales@djc.co.jp,1740075,東京都,板橋区xx-xx
2,94,DJD社,sales@djd.co.jp,2970005,千葉県,茂原市xx-xx
2,95,DJE社,sales@dje.co.jp,3004101,茨城県,土浦市xx-xx
2,96,DJF社,sales@djf.co.jp,2540045,神奈川県,平塚市xx-xx
2,97,DJG社,sales@djg.co.jp,3130047,茨城県,常陸太田市xx-xx
2,98,DJH社,sales@djh.co.jp,2994621,千葉県,いすみ市xx-xx
2,99,DJI社,sales@dji.co.jp,3750017,群馬県,藤岡市xx-xx
2,100,DJJ社,sales@djj.co.jp,2400103,神奈川県,横須賀市xx-xx
2,101,EAA社,sales@eaa.co.jp,2591218,神奈川県,平塚市xx-xx
2,102,EAB社,sales@eab.co.jp,3650005,埼玉県,鴻巣市xx-xx
2,103,EAC社,sales@eac.co.jp,2990216,千葉県,袖ケ浦市xx-xx
2,104,EAD社,sales@ead.co.jp,3292145,栃木県,矢板市xx-xx
2,105,EAE社,sales@eae.co.jp,3691802,埼玉県,秩父市xx-xx
2,106,EAF社,sales@eaf.co.jp,1010034,東京都,千代田区xx-xx
2,107,EAG社,sales@eag.co.jp,3030015,茨城県,常総市xx-xx
2,108,EAH社,sales@eah.co.jp,3000802,茨城県,土浦市xx-xx
2,109,EAI社,sales@eai.co.jp,3002513,茨城県,常総市xx-xx
2,110,EAJ社,sales@eaj.co.jp,2450003,神奈川県,横浜市泉区xx-xx
2,111,EBA社,sales@eba.co.jp,3591166,埼玉県,所沢市xx-xx
2,112,EBB社,sales@ebb.co.jp,3110505,茨城県,常陸太田市xx-xx
2,113,EBC社,sales@ebc.co.jp,3000625,茨城県,稲敷市xx-xx
2,114,EBD社,sales@ebd.co.jp,1770045,東京都,練馬区xx-xx
2,115,EBE社,sales@ebe.co.jp,3130134,茨城県,常陸太田市xx-xx
2,116,EBF社,sales@ebf.co.jp,2990106,千葉県,市原市xx-xx
2,117,EBG社,sales@ebg.co.jp,2591114,神奈川県,伊勢原市xx-xx
2,118,EBH社,sales@ebh.co.jp,3091634,茨城県,笠間市xx-xx
2,119,EBI社,sales@ebi.co.jp,3502212,埼玉県,鶴ヶ島市xx-xx
2,120,EBJ社,sales@ebj.co.jp,3002653,茨城県,つくば市xx-xx
2,121,ECA社,sales@eca.co.jp,3710835,群馬県,前橋市xx-xx
2,122,ECB社,sales@ecb.co.jp,2060801,東京都,稲城市xx-xx
2,123,ECC社,sales@ecc.co.jp,3640003,埼玉県,北本市xx-xx
2,124,ECD社,sales@ecd.co.jp,3290425,栃木県,下野市xx-xx
2,125,ECE社,sales@ece.co.jp,3240028,栃木県,大田原市xx-xx
2,126,ECF社,sales@ecf.co.jp,3210512,栃木県,那須烏山市xx-xx
2,127,ECG社,sales@ecg.co.jp,3480034,埼玉県,羽生市xx-xx
2,128,ECH社,sales@ech.co.jp,2320037,神奈川県,横浜市南区xx-xx
2,129,ECI社,sales@eci.co.jp,3211434,栃木県,日光市xx-xx
2,130,ECJ社,sales@ecj.co.jp,2950013,千葉県,南房総市xx-xx
2,131,EDA社,sales@eda.co.jp,3210942,栃木県,宇都宮市xx-xx
2,132,EDB社,sales@edb.co.jp,3780064,群馬県,沼田市xx-xx
2,133,EDC社,sales@edc.co.jp,3100832,茨城県,水戸市xx-xx
2,134,EDD社,sales@edd.co.jp,3050841,茨城県,つくば市xx-xx
2,135,EDE社,sales@ede.co.jp,3220061,栃木県,鹿沼市xx-xx
2,136,EDF社,sales@edf.co.jp,2840032,千葉県,四街道市xx-xx
2,137,EDG社,sales@edg.co.jp,2590103,神奈川県,中郡大磯町xx-xx
2,138,EDH社,sales@edh.co.jp,3004202,茨城県,つくば市xx-xx
2,139,EDI社,sales@edi.co.jp,3211442,栃木県,日光市xx-xx
2,140,EDJ社,sales@edj.co.jp,2890426,千葉県,香取市xx-xx
2,141,EEA社,sales@eea.co.jp,3600853,埼玉県,熊谷市xx-xx
2,142,EEB社,sales@eeb.co.jp,2880813,千葉県,銚子市xx-xx
2,143,EEC社,sales@eec.co.jp,3004521,茨城県,筑西市xx-xx
2,144,EED社,sales@eed.co.jp,3700024,群馬県,高崎市xx-xx
2,145,EEE社,sales@eee.co.jp,3560043,埼玉県,ふじみ野市xx-xx
2,146,EEF社,sales@eef.co.jp,3470056,埼玉県,加須市xx-xx
2,147,EEG社,sales@eeg.co.jp,3501161,埼玉県,川越市xx-xx
2,148,EEH社,sales@eeh.co.jp,2430811,神奈川県,厚木市xx-xx
2,149,EEI社,sales@eei.co.jp,3501113,埼玉県,川越市xx-xx
2,150,EEJ社,sales@eej.co.jp,3400205,埼玉県,久喜市xx-xx
3,1,EFA社,sales@efa.co.jp,4480001,愛知県,刈谷市xx-xx
3,2,EFB社,sales@efb.co.jp,5070057,岐阜県,多治見市xx-xx
3,3,EFC社,sales@efc.co.jp,4338126,静岡県,浜松市中区xx-xx
3,4,EFD社,sales@efd.co.jp,4210404,静岡県,牧之原市xx-xx
3,5,EFE社,sales@efe.co.jp,4890017,愛知県,瀬戸市xx-xx
3,6,EFF社,sales@eff.co.jp,5030955,岐阜県,大垣市xx-xx
3,7,EFG社,sales@efg.co.jp,4440212,愛知県,岡崎市xx-xx
3,8,EFH社,sales@efh.co.jp,4840824,愛知県,犬山市xx-xx
3,9,EFI社,sales@efi.co.jp,4710019,愛知県,豊田市xx-xx
3,10,EFJ社,sales@efj.co.jp,4400045,愛知県,豊橋市xx-xx
3,11,EGA社,sales@ega.co.jp,4200868,静岡県,静岡市葵区xx-xx
3,12,EGB社,sales@egb.co.jp,4380112,静岡県,磐田市xx-xx
3,13,EGC社,sales@egc.co.jp,4928275,愛知県,稲沢市xx-xx
3,14,EGD社,sales@egd.co.jp,4440043,愛知県,岡崎市xx-xx
3,15,EGE社,sales@ege.co.jp,4968048,愛知県,愛西市xx-xx
3,16,EGF社,sales@egf.co.jp,4110851,静岡県,三島市xx-xx
3,17,EGG社,sales@egg.co.jp,5020816,岐阜県,岐阜市xx-xx
3,18,EGH社,sales@egh.co.jp,4360115,静岡県,掛川市xx-xx
3,19,EGI社,sales@egi.co.jp,4440021,愛知県,岡崎市xx-xx
3,20,EGJ社,sales@egj.co.jp,4910859,愛知県,一宮市xx-xx
3,21,EHA社,sales@eha.co.jp,5014241,岐阜県,郡上市xx-xx
3,22,EHB社,sales@ehb.co.jp,4360067,静岡県,掛川市xx-xx
3,23,EHC社,sales@ehc.co.jp,5190157,三重県,亀山市xx-xx
3,24,EHD社,sales@ehd.co.jp,4442835,愛知県,豊田市xx-xx
3,25,EHE社,sales@ehe.co.jp,4968012,愛知県,愛西市xx-xx
3,26,EHF社,sales@ehf.co.jp,4443252,愛知県,豊田市xx-xx
3,27,EHG社,sales@ehg.co.jp,4520961,愛知県,清須市xx-xx
3,28,EHH社,sales@ehh.co.jp,4840003,愛知県,犬山市xx-xx
3,29,EHI社,sales@ehi.co.jp,5008815,岐阜県,岐阜市xx-xx
3,30,EHJ社,sales@ehj.co.jp,4790857,愛知県,常滑市xx-xx
3,31,EIA社,sales@eia.co.jp,4420856,愛知県,豊川市xx-xx
3,32,EIB社,sales@eib.co.jp,4440838,愛知県,岡崎市xx-xx
3,33,EIC社,sales@eic.co.jp,4910078,愛知県,一宮市xx-xx
3,34,EID社,sales@eid.co.jp,5092504,岐阜県,下呂市xx-xx
3,35,EIE社,sales@eie.co.jp,5070019,岐阜県,多治見市xx-xx
3,36,EIF社,sales@eif.co.jp,4371115,静岡県,袋井市xx-xx
3,37,EIG社,sales@eig.co.jp,4840097,愛知県,犬山市xx-xx
3,38,EIH社,sales@eih.co.jp,4312204,静岡県,浜松市北区xx-xx
3,39,EII社,sales@eii.co.jp,4980052,愛知県,弥富市xx-xx
3,40,EIJ社,sales@eij.co.jp,4960032,愛知県,津島市xx-xx
3,41,EJA社,sales@eja.co.jp,5093218,岐阜県,高山市xx-xx
3,42,EJB社,sales@ejb.co.jp,4440246,愛知県,岡崎市xx-xx
3,43,EJC社,sales@ejc.co.jp,4750916,愛知県,半田市xx-xx
3,44,EJD社,sales@ejd.co.jp,4710857,愛知県,豊田市xx-xx
3,45,EJE社,sales@eje.co.jp,4200906,静岡県,静岡市葵区xx-xx
3,46,EJF社,sales@ejf.co.jp,4700211,愛知県,みよし市xx-xx
3,47,EJG社,sales@ejg.co.jp,5191426,三重県,伊賀市xx-xx
3,48,EJH社,sales@ejh.co.jp,4700215,愛知県,みよし市xx-xx
3,49,EJI社,sales@eji.co.jp,5030923,岐阜県,大垣市xx-xx
3,50,EJJ社,sales@ejj.co.jp,5111122,三重県,桑名市xx-xx
3,51,FAA社,sales@faa.co.jp,4890809,愛知県,瀬戸市xx-xx
3,52,FAB社,sales@fab.co.jp,4120028,静岡県,御殿場市xx-xx
3,53,FAC社,sales@fac.co.jp,5030825,岐阜県,大垣市xx-xx
3,54,FAD社,sales@fad.co.jp,4700206,愛知県,みよし市xx-xx
3,55,FAE社,sales@fae.co.jp,5030851,岐阜県,大垣市xx-xx
3,56,FAF社,sales@faf.co.jp,4270029,静岡県,島田市xx-xx
3,57,FAG社,sales@fag.co.jp,4200031,静岡県,静岡市葵区xx-xx
3,58,FAH社,sales@fah.co.jp,4380032,静岡県,磐田市xx-xx
3,59,FAI社,sales@fai.co.jp,4801103,愛知県,長久手市xx-xx
3,60,FAJ社,sales@faj.co.jp,5094415,岐阜県,飛騨市xx-xx
3,61,FBA社,sales@fba.co.jp,4910917,愛知県,一宮市xx-xx
3,62,FBB社,sales@fbb.co.jp,4780005,愛知県,知多市xx-xx
3,63,FBC社,sales@fbc.co.jp,4450881,愛知県,西尾市xx-xx
3,64,FBD社,sales@fbd.co.jp,5095134,岐阜県,土岐市xx-xx
3,65,FBE社,sales@fbe.co.jp,5096106,岐阜県,瑞浪市xx-xx
3,66,FBF社,sales@fbf.co.jp,4980033,愛知県,弥富市xx-xx
3,67,FBG社,sales@fbg.co.jp,4470067,愛知県,碧南市xx-xx
3,68,FBH社,sales@fbh.co.jp,4860816,愛知県,春日井市xx-xx
3,69,FBI社,sales@fbi.co.jp,4700126,愛知県,日進市xx-xx
3,70,FBJ社,sales@fbj.co.jp,5030901,岐阜県,大垣市xx-xx
3,71,FCA社,sales@fca.co.jp,4130715,静岡県,下田市xx-xx
3,72,FCB社,sales@fcb.co.jp,5008308,岐阜県,岐阜市xx-xx
3,73,FCC社,sales@fcc.co.jp,4338117,静岡県,浜松市中区xx-xx
3,74,FCD社,sales@fcd.co.jp,5092131,岐阜県,下呂市xx-xx
3,75,FCE社,sales@fce.co.jp,4750876,愛知県,半田市xx-xx
3,76,FCF社,sales@fcf.co.jp,4440516,愛知県,西尾市xx-xx
3,77,FCG社,sales@fcg.co.jp,4100051,静岡県,沼津市xx-xx
3,78,FCH社,sales@fch.co.jp,5070067,岐阜県,多治見市xx-xx
3,79,FCI社,sales@fci.co.jp,5100232,三重県,鈴鹿市xx-xx
3,80,FCJ社,sales@fcj.co.jp,4130026,静岡県,熱海市xx-xx
3,81,FDA社,sales@fda.co.jp,4440077,愛知県,岡崎市xx-xx
3,82,FDB社,sales@fdb.co.jp,5092507,岐阜県,下呂市xx-xx
3,83,FDC社,sales@fdc.co.jp,5190222,三重県,亀山市xx-xx
3,84,FDD社,sales@fdd.co.jp,4710855,愛知県,豊田市xx-xx
3,85,FDE社,sales@fde.co.jp,5094111,岐阜県,高山市xx-xx
3,86,FDF社,sales@fdf.co.jp,4371306,静岡県,掛川市xx-xx
3,87,FDG社,sales@fdg.co.jp,4100304,静岡県,沼津市xx-xx
3,88,FDH社,sales@fdh.co.jp,5013132,岐阜県,岐阜市xx-xx
3,89,FDI社,sales@fdi.co.jp,4440915,愛知県,岡崎市xx-xx
3,90,FDJ社,sales@fdj.co.jp,4750825,愛知県,半田市xx-xx
3,91,FEA社,sales@fea.co.jp,5014224,岐阜県,郡上市xx-xx
3,92,FEB社,sales@feb.co.jp,5093217,岐阜県,高山市xx-xx
3,93,FEC社,sales@fec.co.jp,4110032,静岡県,三島市xx-xx
3,94,FED社,sales@fed.co.jp,4460045,愛知県,安城市xx-xx
3,95,FEE社,sales@fee.co.jp,4450005,愛知県,西尾市xx-xx
3,96,FEF社,sales@fef.co.jp,4371437,静岡県,掛川市xx-xx
3,97,FEG社,sales@feg.co.jp,4180032,静岡県,富士宮市xx-xx
3,98,FEH社,sales@feh.co.jp,5060041,岐阜県,高山市xx-xx
3,99,FEI社,sales@fei.co.jp,4360094,静岡県,掛川市xx-xx
3,100,FEJ社,sales@fej.co.jp,4840042,愛知県,犬山市xx-xx
3,101,FFA社,sales@ffa.co.jp,5030601,岐阜県,海津市xx-xx
3,102,FFB社,sales@ffb.co.jp,4442837,愛知県,豊田市xx-xx
3,103,FFC社,sales@ffc.co.jp,4160923,静岡県,富士市xx-xx
3,104,FFD社,sales@ffd.co.jp,4418043,愛知県,豊橋市xx-xx
3,105,FFE社,sales@ffe.co.jp,4360085,静岡県,掛川市xx-xx
3,106,FFF社,sales@fff.co.jp,5100058,三重県,四日市市xx-xx
3,107,FFG社,sales@ffg.co.jp,5090115,岐阜県,各務原市xx-xx
3,108,FFH社,sales@ffh.co.jp,4411381,愛知県,新城市xx-xx
3,109,FFI社,sales@ffi.co.jp,4280018,静岡県,島田市xx-xx
3,110,FFJ社,sales@ffj.co.jp,5140303,三重県,津市xx-xx
3,111,FGA社,sales@fga.co.jp,5008023,岐阜県,岐阜市xx-xx
3,112,FGB社,sales@fgb.co.jp,4840906,愛知県,犬山市xx-xx
3,113,FGC社,sales@fgc.co.jp,4360033,静岡県,掛川市xx-xx
3,114,FGD社,sales@fgd.co.jp,4840058,愛知県,犬山市xx-xx
3,115,FGE社,sales@fge.co.jp,5100854,三重県,四日市市xx-xx
3,116,FGF社,sales@fgf.co.jp,4790802,愛知県,常滑市xx-xx
3,117,FGG社,sales@fgg.co.jp,5100056,三重県,四日市市xx-xx
3,118,FGH社,sales@fgh.co.jp,4838184,愛知県,江南市xx-xx
3,119,FGI社,sales@fgi.co.jp,5008266,岐阜県,岐阜市xx-xx
3,120,FGJ社,sales@fgj.co.jp,5110014,三重県,桑名市xx-xx
3,121,FHA社,sales@fha.co.jp,4130712,静岡県,下田市xx-xx
3,122,FHB社,sales@fhb.co.jp,4360049,静岡県,掛川市xx-xx
3,123,FHC社,sales@fhc.co.jp,4442801,愛知県,豊田市xx-xx
3,124,FHD社,sales@fhd.co.jp,4928006,愛知県,稲沢市xx-xx
3,125,FHE社,sales@fhe.co.jp,5090204,岐阜県,可児市xx-xx
3,126,FHF社,sales@fhf.co.jp,5140124,三重県,津市xx-xx
3,127,FHG社,sales@fhg.co.jp,4360001,静岡県,掛川市xx-xx
3,128,FHH社,sales@fhh.co.jp,4801333,愛知県,長久手市xx-xx
3,129,FHI社,sales@fhi.co.jp,5040834,岐阜県,各務原市xx-xx
3,130,FHJ社,sales@fhj.co.jp,4940017,愛知県,一宮市xx-xx
3,131,FIA社,sales@fia.co.jp,4442141,愛知県,岡崎市xx-xx
3,132,FIB社,sales@fib.co.jp,4901426,愛知県,弥富市xx-xx
3,133,FIC社,sales@fic.co.jp,4413419,愛知県,田原市xx-xx
3,134,FID社,sales@fid.co.jp,4350022,静岡県,浜松市南区xx-xx
3,135,FIE社,sales@fie.co.jp,4750832,愛知県,半田市xx-xx
3,136,FIF社,sales@fif.co.jp,5008444,岐阜県,岐阜市xx-xx
3,137,FIG社,sales@fig.co.jp,5014201,岐阜県,郡上市xx-xx
3,138,FIH社,sales@fih.co.jp,4520918,愛知県,清須市xx-xx
3,139,FII社,sales@fii.co.jp,4400803,愛知県,豊橋市xx-xx
3,140,FIJ社,sales@fij.co.jp,5040809,岐阜県,各務原市xx-xx
3,141,FJA社,sales@fja.co.jp,5190104,三重県,亀山市xx-xx
3,142,FJB社,sales@fjb.co.jp,4420815,愛知県,豊川市xx-xx
3,143,FJC社,sales@fjc.co.jp,5008815,岐阜県,岐阜市xx-xx
3,144,FJD社,sales@fjd.co.jp,4300808,静岡県,浜松市中区xx-xx
3,145,FJE社,sales@fje.co.jp,5140077,三重県,津市xx-xx
3,146,FJF社,sales@fjf.co.jp,5040033,岐阜県,各務原市xx-xx
3,147,FJG社,sales@fjg.co.jp,4440214,愛知県,岡崎市xx-xx
3,148,FJH社,sales@fjh.co.jp,4860931,愛知県,春日井市xx-xx
3,149,FJI社,sales@fji.co.jp,4740003,愛知県,大府市xx-xx
3,150,FJJ社,sales@fjj.co.jp,5030842,岐阜県,大垣市xx-xx
3,151,GAA社,sales@gaa.co.jp,5142205,三重県,津市xx-xx
3,152,GAB社,sales@gab.co.jp,5181414,三重県,伊賀市xx-xx
3,153,GAC社,sales@gac.co.jp,4480805,愛知県,刈谷市xx-xx
3,154,GAD社,sales@gad.co.jp,4750804,愛知県,半田市xx-xx
3,155,GAE社,sales@gae.co.jp,5100955,三重県,四日市市xx-xx
3,156,GAF社,sales@gaf.co.jp,5012532,岐阜県,岐阜市xx-xx
3,157,GAG社,sales@gag.co.jp,5080204,岐阜県,中津川市xx-xx
3,158,GAH社,sales@gah.co.jp,4710858,愛知県,豊田市xx-xx
3,159,GAI社,sales@gai.co.jp,4840945,愛知県,犬山市xx-xx
3,160,GAJ社,sales@gaj.co.jp,4890841,愛知県,瀬戸市xx-xx
3,161,GBA社,sales@gba.co.jp,4980046,愛知県,弥富市xx-xx
3,162,GBB社,sales@gbb.co.jp,4150025,静岡県,下田市xx-xx
3,163,GBC社,sales@gbc.co.jp,4890946,愛知県,瀬戸市xx-xx
3,164,GBD社,sales@gbd.co.jp,4901401,愛知県,弥富市xx-xx
3,165,GBE社,sales@gbe.co.jp,4260201,静岡県,藤枝市xx-xx
3,166,GBF社,sales@gbf.co.jp,5100822,三重県,四日市市xx-xx
3,167,GBG社,sales@gbg.co.jp,4890064,愛知県,瀬戸市xx-xx
3,168,GBH社,sales@gbh.co.jp,4380823,静岡県,磐田市xx-xx
3,169,GBI社,sales@gbi.co.jp,4350041,静岡県,浜松市東区xx-xx
3,170,GBJ社,sales@gbj.co.jp,4100047,静岡県,沼津市xx-xx
3,171,GCA社,sales@gca.co.jp,5142105,三重県,津市xx-xx
3,172,GCB社,sales@gcb.co.jp,5013704,岐阜県,美濃市xx-xx
3,173,GCC社,sales@gcc.co.jp,5194204,三重県,熊野市xx-xx
3,174,GCD社,sales@gcd.co.jp,5100941,三重県,四日市市xx-xx
3,175,GCE社,sales@gce.co.jp,4360075,静岡県,掛川市xx-xx
3,176,GCF社,sales@gcf.co.jp,5150087,三重県,松阪市xx-xx
3,177,GCG社,sales@gcg.co.jp,4200046,静岡県,静岡市葵区xx-xx
3,178,GCH社,sales@gch.co.jp,4801102,愛知県,長久手市xx-xx
3,179,GCI社,sales@gci.co.jp,5030303,岐阜県,海津市xx-xx
3,180,GCJ社,sales@gcj.co.jp,4710833,愛知県,豊田市xx-xx
3,181,GDA社,sales@gda.co.jp,4880076,愛知県,尾張旭市xx-xx
3,182,GDB社,sales@gdb.co.jp,4890975,愛知県,瀬戸市xx-xx
3,183,GDC社,sales@gdc.co.jp,4470842,愛知県,碧南市xx-xx
3,184,GDD社,sales@gdd.co.jp,4710063,愛知県,豊田市xx-xx
3,185,GDE社,sales@gde.co.jp,5100956,三重県,四日市市xx-xx
3,186,GDF社,sales@gdf.co.jp,5130005,三重県,鈴鹿市xx-xx
3,187,GDG社,sales@gdg.co.jp,4980042,愛知県,弥富市xx-xx
3,188,GDH社,sales@gdh.co.jp,5060813,岐阜県,高山市xx-xx
3,189,GDI社,sales@gdi.co.jp,5012313,岐阜県,山県市xx-xx
3,190,GDJ社,sales@gdj.co.jp,4310211,静岡県,浜松市西区xx-xx
3,191,GEA社,sales@gea.co.jp,4750009,愛知県,半田市xx-xx
3,192,GEB社,sales@geb.co.jp,4700102,愛知県,日進市xx-xx
3,193,GEC社,sales@gec.co.jp,4300938,静岡県,浜松市中区xx-xx
3,194,GED社,sales@ged.co.jp,4250002,静岡県,焼津市xx-xx
3,195,GEE社,sales@gee.co.jp,4100874,静岡県,沼津市xx-xx
3,196,GEF社,sales@gef.co.jp,4810036,愛知県,北名古屋市xx-xx
3,197,GEG社,sales@geg.co.jp,4928241,愛知県,稲沢市xx-xx
3,198,GEH社,sales@geh.co.jp,4210206,静岡県,焼津市xx-xx
3,199,GEI社,sales@gei.co.jp,4442411,愛知県,豊田市xx-xx
3,200,GEJ社,sales@gej.co.jp,4100867,静岡県,沼津市xx-xx
4,1,GFA社,sales@gfa.co.jp,5900936,大阪府,堺市堺区xx-xx
4,2,GFB社,sales@gfb.co.jp,6400404,和歌山県,紀の川市xx-xx
4,3,GFC社,sales@gfc.co.jp,5710012,大阪府,門真市xx-xx
4,4,GFD社,sales@gfd.co.jp,5770033,大阪府,東大阪市xx-xx
4,5,GFE社,sales@gfe.co.jp,5670015,大阪府,茨木市xx-xx
4,6,GFF社,sales@gff.co.jp,6100322,京都府,京田辺市xx-xx
4,7,GFG社,sales@gfg.co.jp,6392262,奈良県,御所市xx-xx
4,8,GFH社,sales@gfh.co.jp,6300257,奈良県,生駒市xx-xx
4,9,GFI社,sales@gfi.co.jp,6250086,京都府,舞鶴市xx-xx
4,10,GFJ社,sales@gfj.co.jp,5900511,大阪府,泉南市xx-xx
4,11,GGA社,sales@gga.co.jp,5291151,滋賀県,彦根市xx-xx
4,12,GGB社,sales@ggb.co.jp,6610953,兵庫県,尼崎市xx-xx
4,13,GGC社,sales@ggc.co.jp,6680053,兵庫県,豊岡市xx-xx
4,14,GGD社,sales@ggd.co.jp,6408201,和歌山県,和歌山市xx-xx
4,15,GGE社,sales@gge.co.jp,5620031,大阪府,箕面市xx-xx
4,16,GGF社,sales@ggf.co.jp,5720866,大阪府,寝屋川市xx-xx
4,17,GGG社,sales@ggg.co.jp,6691403,兵庫県,三田市xx-xx
4,18,GGH社,sales@ggh.co.jp,5610862,大阪府,豊中市xx-xx
4,19,GGI社,sales@ggi.co.jp,6562301,兵庫県,淡路市xx-xx
4,20,GGJ社,sales@ggj.co.jp,6291252,京都府,綾部市xx-xx
4,21,GHA社,sales@gha.co.jp,5202263,滋賀県,大津市xx-xx
4,22,GHB社,sales@ghb.co.jp,5610845,大阪府,豊中市xx-xx
4,23,GHC社,sales@ghc.co.jp,5870052,大阪府,堺市美原区xx-xx
4,24,GHD社,sales@ghd.co.jp,5250071,滋賀県,草津市xx-xx
4,25,GHE社,sales@ghe.co.jp,6148351,京都府,八幡市xx-xx
4,26,GHF社,sales@ghf.co.jp,6714214,兵庫県,宍粟市xx-xx
4,27,GHG社,sales@ghg.co.jp,6620823,兵庫県,西宮市xx-xx
4,28,GHH社,sales@ghh.co.jp,5770058,大阪府,東大阪市xx-xx
4,29,GHI社,sales@ghi.co.jp,5270143,滋賀県,東近江市xx-xx
4,30,GHJ社,sales@ghj.co.jp,6200001,京都府,福知山市xx-xx
4,31,GIA社,sales@gia.co.jp,6408136,和歌山県,和歌山市xx-xx
4,32,GIB社,sales@gib.co.jp,6408142,和歌山県,和歌山市xx-xx
4,33,GIC社,sales@gic.co.jp,6692554,兵庫県,篠山市xx-xx
4,34,GID社,sales@gid.co.jp,5200523,滋賀県,大津市xx-xx
4,35,GIE社,sales@gie.co.jp,6320017,奈良県,天理市xx-xx
4,36,GIF社,sales@gif.co.jp,6302172,奈良県,奈良市xx-xx
4,37,GIG社,sales@gig.co.jp,6610026,兵庫県,尼崎市xx-xx
4,38,GIH社,sales@gih.co.jp,6696229,兵庫県,豊岡市xx-xx
4,39,GII社,sales@gii.co.jp,6650871,兵庫県,宝塚市xx-xx
4,40,GIJ社,sales@gij.co.jp,6290332,京都府,南丹市xx-xx
4,41,GJA社,sales@gja.co.jp,6760031,兵庫県,高砂市xx-xx
4,42,GJB社,sales@gjb.co.jp,6308337,奈良県,奈良市xx-xx
4,43,GJC社,sales@gjc.co.jp,6496426,和歌山県,紀の川市xx-xx
4,44,GJD社,sales@gjd.co.jp,6712103,兵庫県,姫路市xx-xx
4,45,GJE社,sales@gje.co.jp,5520014,大阪府,大阪市港区xx-xx
4,46,GJF社,sales@gjf.co.jp,5650872,大阪府,吹田市xx-xx
4,47,GJG社,sales@gjg.co.jp,5700075,大阪府,守口市xx-xx
4,48,GJH社,sales@gjh.co.jp,6560152,兵庫県,南あわじ市xx-xx
4,49,GJI社,sales@gji.co.jp,5980057,大阪府,泉佐野市xx-xx
4,50,GJJ社,sales@gjj.co.jp,5830013,大阪府,藤井寺市xx-xx
4,51,HAA社,sales@haa.co.jp,6330218,奈良県,宇陀市xx-xx
4,52,HAB社,sales@hab.co.jp,6660147,兵庫県,川西市xx-xx
4,53,HAC社,sales@hac.co.jp,6496125,和歌山県,紀の川市xx-xx
4,54,HAD社,sales@had.co.jp,5260132,滋賀県,長浜市xx-xx
4,55,HAE社,sales@hae.co.jp,5250023,滋賀県,草津市xx-xx
4,56,HAF社,sales@haf.co.jp,5202164,滋賀県,大津市xx-xx
4,57,HAG社,sales@hag.co.jp,5720810,大阪府,寝屋川市xx-xx
4,58,HAH社,sales@hah.co.jp,5250067,滋賀県,草津市xx-xx
4,59,HAI社,sales@hai.co.jp,5700043,大阪府,守口市xx-xx
4,60,HAJ社,sales@haj.co.jp,5998252,大阪府,堺市中区xx-xx
4,61,HBA社,sales@hba.co.jp,5200855,滋賀県,大津市xx-xx
4,62,HBB社,sales@hbb.co.jp,6770025,兵庫県,西脇市xx-xx
4,63,HBC社,sales@hbc.co.jp,5600022,大阪府,豊中市xx-xx
4,64,HBD社,sales@hbd.co.jp,6780091,兵庫県,相生市xx-xx
4,65,HBE社,sales@hbe.co.jp,6410013,和歌山県,和歌山市xx-xx
4,66,HBF社,sales@hbf.co.jp,6308361,奈良県,奈良市xx-xx
4,67,HBG社,sales@hbg.co.jp,6793326,兵庫県,朝来市xx-xx
4,68,HBH社,sales@hbh.co.jp,6392244,奈良県,御所市xx-xx
4,69,HBI社,sales@hbi.co.jp,5640025,大阪府,吹田市xx-xx
4,70,HBJ社,sales@hbj.co.jp,5630015,大阪府,池田市xx-xx
4,71,HCA社,sales@hca.co.jp,6650031,兵庫県,宝塚市xx-xx
4,72,HCB社,sales@hcb.co.jp,6620915,兵庫県,西宮市xx-xx
4,73,HCC社,sales@hcc.co.jp,6320047,奈良県,天理市xx-xx
4,74,HCD社,sales@hcd.co.jp,5941117,大阪府,和泉市xx-xx
4,75,HCE社,sales@hce.co.jp,6391166,奈良県,大和郡山市xx-xx
4,76,HCF社,sales@hcf.co.jp,6461337,和歌山県,田辺市xx-xx
4,77,HCG社,sales@hcg.co.jp,6408322,和歌山県,和歌山市xx-xx
4,78,HCH社,sales@hch.co.jp,6290141,京都府,南丹市xx-xx
4,79,HCI社,sales@hci.co.jp,6692345,兵庫県,篠山市xx-xx
4,80,HCJ社,sales@hcj.co.jp,6210104,京都府,亀岡市xx-xx
4,81,HDA社,sales@hda.co.jp,6471743,和歌山県,田辺市xx-xx
4,82,HDB社,sales@hdb.co.jp,6511433,兵庫県,西宮市xx-xx
4,83,HDC社,sales@hdc.co.jp,5211332,滋賀県,近江八幡市xx-xx
4,84,HDD社,sales@hdd.co.jp,6790314,兵庫県,西脇市xx-xx
4,85,HDE社,sales@hde.co.jp,5200047,滋賀県,大津市xx-xx
4,86,HDF社,sales@hdf.co.jp,6270133,京都府,京丹後市xx-xx
4,87,HDG社,sales@hdg.co.jp,6760031,兵庫県,高砂市xx-xx
4,88,HDH社,sales@hdh.co.jp,5291802,滋賀県,甲賀市xx-xx
4,89,HDI社,sales@hdi.co.jp,6308333,奈良県,奈良市xx-xx
4,90,HDJ社,sales@hdj.co.jp,6392266,奈良県,御所市xx-xx
4,91,HEA社,sales@hea.co.jp,5200235,滋賀県,大津市xx-xx
4,92,HEB社,sales@heb.co.jp,5710046,大阪府,門真市xx-xx
4,93,HEC社,sales@hec.co.jp,6620931,兵庫県,西宮市xx-xx
4,94,HED社,sales@hed.co.jp,5800015,大阪府,松原市xx-xx
4,95,HEE社,sales@hee.co.jp,6240121,京都府,舞鶴市xx-xx
4,96,HEF社,sales@hef.co.jp,6018128,京都府,京都市南区xx-xx
4,97,HEG社,sales@heg.co.jp,6751351,兵庫県,小野市xx-xx
4,98,HEH社,sales@heh.co.jp,5670829,大阪府,茨木市xx-xx
4,99,HEI社,sales@hei.co.jp,5211102,滋賀県,彦根市xx-xx
4,100,HEJ社,sales@hej.co.jp,5210301,滋賀県,米原市xx-xx
4,101,HFA社,sales@hfa.co.jp,6230041,京都府,綾部市xx-xx
4,102,HFB社,sales@hfb.co.jp,5690075,大阪府,高槻市xx-xx
4,103,HFC社,sales@hfc.co.jp,6610964,兵庫県,尼崎市xx-xx
4,104,HFD社,sales@hfd.co.jp,6390261,奈良県,香芝市xx-xx
4,105,HFE社,sales@hfe.co.jp,6320092,奈良県,天理市xx-xx
4,106,HFF社,sales@hff.co.jp,5731162,大阪府,枚方市xx-xx
4,107,HFG社,sales@hfg.co.jp,6692418,兵庫県,篠山市xx-xx
4,108,HFH社,sales@hfh.co.jp,5650836,大阪府,吹田市xx-xx
4,109,HFI社,sales@hfi.co.jp,6511322,兵庫県,神戸市北区xx-xx
4,110,HFJ社,sales@hfj.co.jp,5203402,滋賀県,甲賀市xx-xx
4,111,HGA社,sales@hga.co.jp,5970083,大阪府,貝塚市xx-xx
4,112,HGB社,sales@hgb.co.jp,5720065,大阪府,寝屋川市xx-xx
4,113,HGC社,sales@hgc.co.jp,6691344,兵庫県,三田市xx-xx
4,114,HGD社,sales@hgd.co.jp,6038101,京都府,京都市北区xx-xx
4,115,HGE社,sales@hge.co.jp,6480097,和歌山県,橋本市xx-xx
4,116,HGF社,sales@hgf.co.jp,6260021,京都府,宮津市xx-xx
4,117,HGG社,sales@hgg.co.jp,5700056,大阪府,守口市xx-xx
4,118,HGH社,sales@hgh.co.jp,6620836,兵庫県,西宮市xx-xx
4,119,HGI社,sales@hgi.co.jp,5290403,滋賀県,長浜市xx-xx
4,120,HGJ社,sales@hgj.co.jp,6480002,和歌山県,橋本市xx-xx
4,121,HHA社,sales@hha.co.jp,6260020,京都府,宮津市xx-xx
4,122,HHB社,sales@hhb.co.jp,5291551,滋賀県,東近江市xx-xx
4,123,HHC社,sales@hhc.co.jp,6650076,兵庫県,宝塚市xx-xx
4,124,HHD社,sales@hhd.co.jp,6691349,兵庫県,三田市xx-xx
4,125,HHE社,sales@hhe.co.jp,6496221,和歌山県,岩出市xx-xx
4,126,HHF社,sales@hhf.co.jp,6260052,京都府,宮津市xx-xx
4,127,HHG社,sales@hhg.co.jp,6370060,奈良県,五條市xx-xx
4,128,HHH社,sales@hhh.co.jp,6400364,和歌山県,和歌山市xx-xx
4,129,HHI社,sales@hhi.co.jp,5730171,大阪府,枚方市xx-xx
4,130,HHJ社,sales@hhj.co.jp,5270052,滋賀県,東近江市xx-xx
4,131,HIA社,sales@hia.co.jp,6570861,兵庫県,神戸市灘区xx-xx
4,132,HIB社,sales@hib.co.jp,5980006,大阪府,泉佐野市xx-xx
4,133,HIC社,sales@hic.co.jp,5270084,滋賀県,東近江市xx-xx
4,134,HID社,sales@hid.co.jp,6750068,兵庫県,加古川市xx-xx
4,135,HIE社,sales@hie.co.jp,6010735,京都府,南丹市xx-xx
4,136,HIF社,sales@hif.co.jp,6561512,兵庫県,淡路市xx-xx
4,137,HIG社,sales@hig.co.jp,6730852,兵庫県,明石市xx-xx
4,138,HIH社,sales@hih.co.jp,6148227,京都府,八幡市xx-xx
4,139,HII社,sales@hii.co.jp,6700952,兵庫県,姫路市xx-xx
4,140,HIJ社,sales@hij.co.jp,6340024,奈良県,橿原市xx-xx
4,141,HJA社,sales@hja.co.jp,6770033,兵庫県,西脇市xx-xx
4,142,HJB社,sales@hjb.co.jp,6340003,奈良県,橿原市xx-xx
4,143,HJC社,sales@hjc.co.jp,6200873,京都府,福知山市xx-xx
4,144,HJD社,sales@hjd.co.jp,6191142,京都府,木津川市xx-xx
4,145,HJE社,sales@hje.co.jp,6240802,京都府,舞鶴市xx-xx
4,146,HJF社,sales@hjf.co.jp,6330235,奈良県,宇陀市xx-xx
4,147,HJG社,sales@hjg.co.jp,5291533,滋賀県,東近江市xx-xx
4,148,HJH社,sales@hjh.co.jp,6148086,京都府,八幡市xx-xx
4,149,HJI社,sales@hji.co.jp,6760072,兵庫県,高砂市xx-xx
4,150,HJJ社,sales@hjj.co.jp,6290131,京都府,南丹市xx-xx
4,151,IAA社,sales@iaa.co.jp,6408317,和歌山県,和歌山市xx-xx
4,152,IAB社,sales@iab.co.jp,5960833,大阪府,岸和田市xx-xx
4,153,IAC社,sales@iac.co.jp,6731411,兵庫県,加東市xx-xx
4,154,IAD社,sales@iad.co.jp,6670434,兵庫県,養父市xx-xx
4,155,IAE社,sales@iae.co.jp,6561511,兵庫県,淡路市xx-xx
4,156,IAF社,sales@iaf.co.jp,6350074,奈良県,大和高田市xx-xx
4,157,IAG社,sales@iag.co.jp,5240101,滋賀県,守山市xx-xx
4,158,IAH社,sales@iah.co.jp,6408117,和歌山県,和歌山市xx-xx
4,159,IAI社,sales@iai.co.jp,5900072,大阪府,堺市堺区xx-xx
4,160,IAJ社,sales@iaj.co.jp,5900134,大阪府,堺市南区xx-xx
4,161,IBA社,sales@iba.co.jp,5203412,滋賀県,甲賀市xx-xx
4,162,IBB社,sales@ibb.co.jp,5780901,大阪府,東大阪市xx-xx
4,163,IBC社,sales@ibc.co.jp,6620917,兵庫県,西宮市xx-xx
4,164,IBD社,sales@ibd.co.jp,6330103,奈良県,桜井市xx-xx
4,165,IBE社,sales@ibe.co.jp,6730446,兵庫県,三木市xx-xx
4,166,IBF社,sales@ibf.co.jp,5202312,滋賀県,野洲市xx-xx
4,167,IBG社,sales@ibg.co.jp,6794024,兵庫県,たつの市xx-xx
4,168,IBH社,sales@ibh.co.jp,6691541,兵庫県,三田市xx-xx
4,169,IBI社,sales@ibi.co.jp,5230872,滋賀県,近江八幡市xx-xx
4,170,IBJ社,sales@ibj.co.jp,5970095,大阪府,貝塚市xx-xx
4,171,ICA社,sales@ica.co.jp,6480034,和歌山県,橋本市xx-xx
4,172,ICB社,sales@icb.co.jp,5250058,滋賀県,草津市xx-xx
4,173,ICC社,sales@icc.co.jp,5290402,滋賀県,長浜市xx-xx
4,174,ICD社,sales@icd.co.jp,5960003,大阪府,岸和田市xx-xx
4,175,ICE社,sales@ice.co.jp,5203411,滋賀県,甲賀市xx-xx
4,176,ICF社,sales@icf.co.jp,5690855,大阪府,高槻市xx-xx
4,177,ICG社,sales@icg.co.jp,6332125,奈良県,宇陀市xx-xx
4,178,ICH社,sales@ich.co.jp,5230805,滋賀県,近江八幡市xx-xx
4,179,ICI社,sales@ici.co.jp,6400344,和歌山県,和歌山市xx-xx
4,180,ICJ社,sales@icj.co.jp,5860086,大阪府,河内長野市xx-xx
5,1,IDA社,sales@ida.co.jp,6560012,兵庫県,洲本市xx-xx
5,2,IDB社,sales@idb.co.jp,5290241,滋賀県,長浜市xx-xx
5,3,IDC社,sales@idc.co.jp,6200213,京都府,福知山市xx-xx
5,4,IDD社,sales@idd.co.jp,6692544,兵庫県,篠山市xx-xx
5,5,IDE社,sales@ide.co.jp,5201414,滋賀県,高島市xx-xx
5,6,IDF社,sales@idf.co.jp,5202153,滋賀県,大津市xx-xx
5,7,IDG社,sales@idg.co.jp,6711331,兵庫県,たつの市xx-xx
5,8,IDH社,sales@idh.co.jp,5960022,大阪府,岸和田市xx-xx
5,9,IDI社,sales@idi.co.jp,6308036,奈良県,奈良市xx-xx
5,10,IDJ社,sales@idj.co.jp,6310041,奈良県,奈良市xx-xx
5,11,IEA社,sales@iea.co.jp,6696103,兵庫県,豊岡市xx-xx
5,12,IEB社,sales@ieb.co.jp,6561556,兵庫県,淡路市xx-xx
5,13,IEC社,sales@iec.co.jp,6694264,兵庫県,丹波市xx-xx
5,14,IED社,sales@ied.co.jp,6731461,兵庫県,加東市xx-xx
5,15,IEE社,sales@iee.co.jp,6794145,兵庫県,たつの市xx-xx
5,16,IEF社,sales@ief.co.jp,5200232,滋賀県,大津市xx-xx
5,17,IEG社,sales@ieg.co.jp,6660158,兵庫県,川西市xx-xx
5,18,IEH社,sales@ieh.co.jp,5270012,滋賀県,東近江市xx-xx
5,19,IEI社,sales@iei.co.jp,6038837,京都府,京都市北区xx-xx
5,20,IEJ社,sales@iej.co.jp,5200054,滋賀県,大津市xx-xx
5,21,IFA社,sales@ifa.co.jp,6038492,京都府,京都市北区xx-xx
5,22,IFB社,sales@ifb.co.jp,6610979,兵庫県,尼崎市xx-xx
5,23,IFC社,sales@ifc.co.jp,6512222,兵庫県,神戸市西区xx-xx
5,24,IFD社,sales@ifd.co.jp,6560121,兵庫県,南あわじ市xx-xx
5,25,IFE社,sales@ife.co.jp,6794103,兵庫県,たつの市xx-xx
5,26,IFF社,sales@iff.co.jp,6751371,兵庫県,小野市xx-xx
5,27,IFG社,sales@ifg.co.jp,6560308,兵庫県,南あわじ市xx-xx
5,28,IFH社,sales@ifh.co.jp,5900032,大阪府,堺市堺区xx-xx
5,29,IFI社,sales@ifi.co.jp,5650803,大阪府,吹田市xx-xx
5,30,IFJ社,sales@ifj.co.jp,6670107,兵庫県,養父市xx-xx
5,31,IGA社,sales@iga.co.jp,5950015,大阪府,泉大津市xx-xx
5,32,IGB社,sales@igb.co.jp,6570814,兵庫県,神戸市灘区xx-xx
5,33,IGC社,sales@igc.co.jp,5200817,滋賀県,大津市xx-xx
5,34,IGD社,sales@igd.co.jp,6230223,京都府,綾部市xx-xx
5,35,IGE社,sales@ige.co.jp,5200806,滋賀県,大津市xx-xx
5,36,IGF社,sales@igf.co.jp,6660011,兵庫県,川西市xx-xx
5,37,IGG社,sales@igg.co.jp,6692604,兵庫県,篠山市xx-xx
5,38,IGH社,sales@igh.co.jp,6200858,京都府,福知山市xx-xx
5,39,IGI社,sales@igi.co.jp,6695255,兵庫県,朝来市xx-xx
5,40,IGJ社,sales@igj.co.jp,6290334,京都府,南丹市xx-xx
5,41,IHA社,sales@iha.co.jp,6570856,兵庫県,神戸市灘区xx-xx
5,42,IHB社,sales@ihb.co.jp,5900041,大阪府,堺市堺区xx-xx
5,43,IHC社,sales@ihc.co.jp,5810056,大阪府,八尾市xx-xx
5,44,IHD社,sales@ihd.co.jp,6650876,兵庫県,宝塚市xx-xx
5,45,IHE社,sales@ihe.co.jp,6293435,京都府,京丹後市xx-xx
5,46,IHF社,sales@ihf.co.jp,6293407,京都府,京丹後市xx-xx
5,47,IHG社,sales@ihg.co.jp,5260251,滋賀県,長浜市xx-xx
5,48,IHH社,sales@ihh.co.jp,6760028,兵庫県,高砂市xx-xx
5,49,IHI社,sales@ihi.co.jp,5810073,大阪府,八尾市xx-xx
5,50,IHJ社,sales@ihj.co.jp,6301236,奈良県,奈良市xx-xx
5,51,IIA社,sales@iia.co.jp,5928335,大阪府,堺市西区xx-xx
5,52,IIB社,sales@iib.co.jp,6620072,兵庫県,西宮市xx-xx
5,53,IIC社,sales@iic.co.jp,6620036,兵庫県,西宮市xx-xx
5,54,IID社,sales@iid.co.jp,6308043,奈良県,奈良市xx-xx
5,55,IIE社,sales@iie.co.jp,5720031,大阪府,寝屋川市xx-xx
5,56,IIF社,sales@iif.co.jp,6190225,京都府,木津川市xx-xx
5,57,IIG社,sales@iig.co.jp,5798032,大阪府,東大阪市xx-xx
5,58,IIH社,sales@iih.co.jp,6752337,兵庫県,加西市xx-xx
5,59,III社,sales@iii.co.jp,6680235,兵庫県,豊岡市xx-xx
5,60,IIJ社,sales@iij.co.jp,6691548,兵庫県,三田市xx-xx
5,61,IJA社,sales@ija.co.jp,5918036,大阪府,堺市北区xx-xx
5,62,IJB社,sales@ijb.co.jp,5998276,大阪府,堺市中区xx-xx
5,63,IJC社,sales@ijc.co.jp,6471102,和歌山県,新宮市xx-xx
5,64,IJD社,sales@ijd.co.jp,5280224,滋賀県,甲賀市xx-xx
5,65,IJE社,sales@ije.co.jp,5201805,滋賀県,高島市xx-xx
5,66,IJF社,sales@ijf.co.jp,6491341,和歌山県,御坊市xx-xx
5,67,IJG社,sales@ijg.co.jp,6711603,兵庫県,たつの市xx-xx
5,68,IJH社,sales@ijh.co.jp,5730125,大阪府,枚方市xx-xx
5,69,IJI社,sales@iji.co.jp,6760004,兵庫県,高砂市xx-xx
5,70,IJJ社,sales@ijj.co.jp,5900971,大阪府,堺市堺区xx-xx
