101,Foo,1
102,FooFoo,1
103,FooBar,1
104,FooBaz,1
105,FooQux,1
106,FooHoge,1
107,FooPiyo,1
108,FooFuga,1
109,FooFooFoo,1
110,FooFooBar,1
111,FooFooBaz,1
112,FooFooQux,1
113,FooFooHoge,1
114,FooFooPiyo,1
115,FooFooFuga,1
201,Bar,2
202,BarFoo,2
203,BarBar,2
204,BarBaz,2
205,BarQux,2
206,BarHoge,2
207,BarPiyo,2
208,BarFuga,2
209,BarBarFoo,2
210,BarBarBar,2
301,Baz,3
302,BazFoo,3
303,BazBar,3
304,BazBaz,3
305,BazQux,3
306,BazHoge,3
307,BazPiyo,3
308,BazFuga,3
309,BazBazFoo,3
310,BazBazBar,3
311,BazBazBaz,3
312,BazBazQux,3
313,BazBazHoge,3
314,BazBazPiyo,3
315,BazBazFuga,3
401,Qux,4
402,QuxFoo,4
403,QuxBar,4
404,QuxBaz,4
405,QuxQux,4
406,QuxHoge,4
407,QuxPiyo,4
408,QuxFuga,4
409,QuxQuxFoo,4
410,QuxQuxBar,4
411,QuxQuxBaz,4
412,QuxQuxQux,4
413,QuxQuxHoge,4
414,QuxQuxPiyo,4
415,QuxQuxFuga,4
501,Hoge,5
502,HogeFoo,5
503,HogeBar,5
504,HogeBaz,5
505,HogeQux,5
506,HogeHoge,5
507,HogePiyo,5
508,HogeFuga,5
509,HogeHogeFoo,5
510,HogeHogeBar,5
